[
	{
		"id" : "1",
		"name" : "Pizza",
		"description" : "Mouthwatering slices of cheesy goodness, baked to perfection.",
		"image" : "https://www.themealdb.com/images/media/meals/x0lk931587671540.jpg",
		"isActive" : true,
		"createdTs" : "2023-12-12 11:18:03",
		"updatedTs" : "2023-12-12 11:18:03"
	},
	{
		"id" : "2",
		"name" : "Pasta",
		"description" : "Deliciously sauced strands of pasta, cooked al dente for the perfect bite.",
		"image" : "https://www.themealdb.com/images/media/meals/ustsqw1468250014.jpg",
		"isActive" : true,
		"createdTs" : "2023-12-12 11:18:03",
		"updatedTs" : "2023-12-12 11:18:03"
	},
	{
		"id" : "3",
		"name" : "Icecream",
		"description" : "Creamy frozen treats in a rainbow of flavors to satisfy your sweet cravings.",
		"image" : "https://cdn.pixabay.com/photo/2018/08/16/22/59/ice-cream-3611698_1280.jpg",
		"isActive" : true,
		"createdTs" : "2023-12-12 11:18:03",
		"updatedTs" : "2023-12-12 11:18:03"
	},
	{
		"id" : "4",
		"name" : "Cake",
		"description" : "Indulgent layers of moist cake, frosted with heavenly flavors and artistic designs.",
		"image" : "https://www.themealdb.com/images/media/meals/ldnrm91576791881.jpg",
		"isActive" : true,
		"createdTs" : "2023-12-12 11:18:03",
		"updatedTs" : "2023-12-12 11:18:03"
	},
	{
		"id" : "5",
		"name" : "Soup",
		"description" : "Warm bowls of comforting goodness, brimming with flavorful broths and fresh ingredients.",
		"image" : "https://www.themealdb.com/images/media/meals/1529446137.jpg",
		"isActive" : true,
		"createdTs" : "2023-12-12 11:18:03",
		"updatedTs" : "2023-12-12 11:18:03"
	},
	{
		"id" : "6",
		"name" : "Curry",
		"description" : "Aromatic and spicy creations from around the world, guaranteed to tantalize your taste buds.",
		"image" : "https://www.themealdb.com/images/media/meals/sywrsu1511463066.jpg",
		"isActive" : true,
		"createdTs" : "2023-12-12 11:18:03",
		"updatedTs" : "2023-12-12 11:18:03"
	},
	{
		"id" : "7",
		"name" : "Sandwich",
		"description" : "Stacked with fresh ingredients, these handcrafted delights are perfect for a quick and satisfying meal.",
		"image" : "https://www.themealdb.com/images/media/meals/xutquv1505330523.jpg",
		"isActive" : true,
		"createdTs" : "2023-12-12 11:18:03",
		"updatedTs" : "2023-12-12 11:18:03"
	},
	{
		"id" : "8",
		"name" : "Salad",
		"description" : "Crisp and refreshing mixtures of vibrant greens, colorful vegetables, and zesty dressings for a healthy feast.",
		"image" : "https://www.themealdb.com/images/media/meals/wvqpwt1468339226.jpg",
		"isActive" : true,
		"createdTs" : "2023-12-12 11:18:03",
		"updatedTs" : "2023-12-12 11:18:03"
	},
	{
		"id" : "9",
		"name" : "Sushi",
		"description" : "Artfully crafted bites of fresh fish, rice, and seaweed, a symphony of flavors in every bite.",
		"image" : "https://www.themealdb.com/images/media/meals/g046bb1663960946.jpg",
		"isActive" : true,
		"createdTs" : "2023-12-12 11:18:03",
		"updatedTs" : "2023-12-12 11:18:03"
	},
	{
		"id" : "10",
		"name" : "Rolls",
		"description" : "Delightfully wrapped rolls filled with a variety of ingredients, making every bite an explosion of flavors.",
		"image" : "https://cdn.pixabay.com/photo/2018/03/15/12/16/food-3228057_1280.jpg",
		"isActive" : true,
		"createdTs" : "2023-12-12 11:18:03",
		"updatedTs" : "2023-12-12 11:18:03"
	},
	{
		"id" : "11",
		"name" : "Prawns",
		"description" : "Juicy and succulent prawns, expertly seasoned and cooked to perfection, a seafood lover's delight.",
		"image" : "https://cdn.pixabay.com/photo/2020/10/18/17/17/meal-5665508_1280.jpg",
		"isActive" : true,
		"createdTs" : "2023-12-12 11:18:03",
		"updatedTs" : "2023-12-12 11:18:03"
	},
	{
		"id" : "12",
		"name" : "Paneer",
		"description" : "Soft and creamy cubes of Indian cottage cheese, cooked in a rich and aromatic blend of spices.",
		"image" : "https://images.unsplash.com/photo-1567188040759-fb8a883dc6d8?ixlib=rb-4.0.3&ixid=M3wxMjA3fDB8MHxwaG90by1wYWdlfHx8fGVufDB8fHx8fA%3D%3D&auto=format&fit=crop&w=1017&q=80",
		"isActive" : true,
		"createdTs" : "2023-12-12 11:18:03",
		"updatedTs" : "2023-12-12 11:18:03"
	},
	{
		"id" : "13",
		"name" : "Tofu",
		"description" : "Versatile and protein-packed, tofu dishes offer a healthy and satisfying alternative to meat.",
		"image" : "https://cdn.pixabay.com/photo/2016/01/15/06/57/vegetarian-1141242_1280.jpg",
		"isActive" : true,
		"createdTs" : "2023-12-12 11:18:03",
		"updatedTs" : "2023-12-12 11:18:03"
	},
	{
		"id" : "14",
		"name" : "Noodles",
		"description" : "Slurp-worthy bowls of steaming noodles, tossed in savory sauces and loaded with fresh ingredients.",
		"image" : "https://cdn.pixabay.com/photo/2020/02/15/20/38/noodles-4851996_1280.jpg",
		"isActive" : true,
		"createdTs" : "2023-12-12 11:18:03",
		"updatedTs" : "2023-12-12 11:18:03"
	},
	{
		"id" : "15",
		"name" : "Chicken",
		"description" : "Tender and juicy chicken dishes prepared in a variety of styles, from crispy fried to succulent grilled options.",
		"image" : "https://www.themealdb.com/images/media/meals/hglsbl1614346998.jpg",
		"isActive" : true,
		"createdTs" : "2023-12-12 11:18:03",
		"updatedTs" : "2023-12-12 11:18:03"
	}
]
