[
	{
		"id" : "1",
		"name" : "Cabbage Roll",
		"description" : "Savory parcels of goodness, stuffed with a flavorful medley.",
		"image" : "https://www.themealdb.com/images/media/meals/q8sp3j1593349686.jpg",
		"categoryId" : "10",
		"cuisineId" : "10",
		"isVeg" : true,
		"isActive" : true,
		"createdTs" : "2023-12-12 11:18:03",
		"updatedTs" : "2023-12-12 11:18:03"
	},
	{
		"id" : "2",
		"name" : "Grill Mac & Cheese Sandwich",
		"description" : "Indulgent fusion of cheesy comfort and crispy perfection.",
		"image" : "https://www.themealdb.com/images/media/meals/xutquv1505330523.jpg",
		"categoryId" : "7",
		"cuisineId" : "7",
		"isVeg" : true,
		"isActive" : true,
		"createdTs" : "2023-12-12 11:18:03",
		"updatedTs" : "2023-12-12 11:18:03"
	},
	{
		"id" : "3",
		"name" : "New York Cheescake",
		"description" : "A slice of velvety bliss from the Big Apple's finest.",
		"image" : "https://www.themealdb.com/images/media/meals/swttys1511385853.jpg",
		"categoryId" : "4",
		"cuisineId" : "7",
		"isVeg" : true,
		"isActive" : true,
		"createdTs" : "2023-12-12 11:18:03",
		"updatedTs" : "2023-12-12 11:18:03"
	},
	{
		"id" : "4",
		"name" : "Nutty Chicken Curry",
		"description" : "A tantalizing dance of flavors, where nuttiness meets spicy delight.",
		"image" : "https://www.themealdb.com/images/media/meals/swttys1511385853.jpg",
		"categoryId" : "6",
		"cuisineId" : "2",
		"isVeg" : 0,
		"isActive" : true,
		"createdTs" : "2023-12-12 11:18:03",
		"updatedTs" : "2023-12-12 11:18:03"
	},
	{
		"id" : "5",
		"name" : "Spicy Arrabiata Penne",
		"description" : "Fiery pasta perfection that will ignite your taste buds.",
		"image" : "https://www.themealdb.com/images/media/meals/ustsqw1468250014.jpg",
		"categoryId" : "2",
		"cuisineId" : "1",
		"isVeg" : true,
		"isActive" : true,
		"createdTs" : "2023-12-12 11:18:03",
		"updatedTs" : "2023-12-12 11:18:03"
	},
	{
		"id" : "6",
		"name" : "Salmon Prawn Risotto",
		"description" : "Creamy risotto kissed by the sea, with succulent salmon and plump prawns.",
		"image" : "https://www.themealdb.com/images/media/meals/xxrxux1503070723.jpg",
		"categoryId" : "11",
		"cuisineId" : "1",
		"isVeg" : 0,
		"isActive" : true,
		"createdTs" : "2023-12-12 11:18:03",
		"updatedTs" : "2023-12-12 11:18:03"
	},
	{
		"id" : "7",
		"name" : "Egg Drop Soup",
		"description" : "A warm embrace of silky broth and delicate egg ribbons.",
		"image" : "https://www.themealdb.com/images/media/meals/xxrxux1503070723.jpg",
		"categoryId" : "5",
		"cuisineId" : "3",
		"isVeg" : 0,
		"isActive" : true,
		"createdTs" : "2023-12-12 11:18:03",
		"updatedTs" : "2023-12-12 11:18:03"
	},
	{
		"id" : "8",
		"name" : "Dal Fry",
		"description" : "A fragrant bowl of golden lentils, simmered to perfection.",
		"image" : "https://www.themealdb.com/images/media/meals/xxrxux1503070723.jpg",
		"categoryId" : "6",
		"cuisineId" : "2",
		"isVeg" : true,
		"isActive" : true,
		"createdTs" : "2023-12-12 11:18:03",
		"updatedTs" : "2023-12-12 11:18:03"
	},
	{
		"id" : "9",
		"name" : "Chocolate Souffle",
		"description" : "A decadent masterpiece of airy chocolate delight that melts in your mouth.",
		"image" : "https://www.themealdb.com/images/media/meals/twspvx1511784937.jpg",
		"categoryId" : "4",
		"cuisineId" : "8",
		"isVeg" : true,
		"isActive" : true,
		"createdTs" : "2023-12-12 11:18:03",
		"updatedTs" : "2023-12-12 11:18:03"
	},
	{
		"id" : "10",
		"name" : "Chic-Fil-A Sandwich",
		"description" : "The epitome of crispy, juicy chicken goodness, served with love.",
		"image" : "https://www.themealdb.com/images/media/meals/twspvx1511784937.jpg",
		"categoryId" : "7",
		"cuisineId" : "7",
		"isVeg" : 0,
		"isActive" : true,
		"createdTs" : "2023-12-12 11:18:03",
		"updatedTs" : "2023-12-12 11:18:03"
	},
	{
		"id" : "11",
		"name" : "Thai Green Curry",
		"description" : "A harmonious blend of vibrant Thai herbs and spices in a creamy green curry.",
		"image" : "https://www.themealdb.com/images/media/meals/twspvx1511784937.jpg",
		"categoryId" : "6",
		"cuisineId" : "5",
		"isVeg" : true,
		"isActive" : true,
		"createdTs" : "2023-12-12 11:18:03",
		"updatedTs" : "2023-12-12 11:18:03"
	},
	{
		"id" : "12",
		"name" : "Ma Po Tofu",
		"description" : "Szechuan delight with silky tofu and a spicy kick that will leave you craving more.",
		"image" : "https://www.themealdb.com/images/media/meals/1525874812.jpg",
		"categoryId" : "13",
		"cuisineId" : "3",
		"isVeg" : true,
		"isActive" : true,
		"createdTs" : "2023-12-12 11:18:03",
		"updatedTs" : "2023-12-12 11:18:03"
	},
	{
		"id" : "13",
		"name" : "Breakfast Potatoes",
		"description" : "Golden-brown potatoes, seasoned to perfection, adding flair to your morning.",
		"image" : "https://www.themealdb.com/images/media/meals/1550441882.jpg",
		"categoryId" : "8",
		"cuisineId" : "7",
		"isVeg" : true,
		"isActive" : true,
		"createdTs" : "2023-12-12 11:18:03",
		"updatedTs" : "2023-12-12 11:18:03"
	},
	{
		"id" : "14",
		"name" : "Ratatouille",
		"description" : "A melody of fresh vegetables harmoniously simmered into a rustic masterpiece.",
		"image" : "https://www.themealdb.com/images/media/meals/1550441882.jpg",
		"categoryId" : "8",
		"cuisineId" : "8",
		"isVeg" : true,
		"isActive" : true,
		"createdTs" : "2023-12-12 11:18:03",
		"updatedTs" : "2023-12-12 11:18:03"
	},
	{
		"id" : "15",
		"name" : "Chicken Alfredo",
		"description" : "Creamy pasta perfection with al dente fettuccine coated in velvety Alfredo sauce.",
		"image" : "https://www.themealdb.com/images/media/meals/syqypv1486981727.jpg",
		"categoryId" : "2",
		"cuisineId" : "1",
		"isVeg" : 0,
		"isActive" : true,
		"createdTs" : "2023-12-12 11:18:03",
		"updatedTs" : "2023-12-12 11:18:03"
	},
	{
		"id" : "16",
		"name" : "Prawn Noodles",
		"description" : "Succulent prawns meet fragrant noodles, delivering an explosion of flavors.",
		"image" : "https://www.themealdb.com/images/media/meals/syqypv1486981727.jpg",
		"categoryId" : "14",
		"cuisineId" : "3",
		"isVeg" : 0,
		"isActive" : true,
		"createdTs" : "2023-12-12 11:18:03",
		"updatedTs" : "2023-12-12 11:18:03"
	},
	{
		"id" : "17",
		"name" : "Chicken Baked Tacos",
		"description" : "Refried beans, ground chicken and sour cream.",
		"image" : "https://www.themealdb.com/images/media/meals/ypxvwv1505333929.jpg",
		"categoryId" : "15",
		"cuisineId" : "6",
		"isVeg" : 0,
		"isActive" : true,
		"createdTs" : "2023-12-12 11:18:03",
		"updatedTs" : "2023-12-12 11:18:03"
	},
	{
		"id" : "18",
		"name" : "Salmon Sushi",
		"description" : "Sushi rice topped with smoked salmon.",
		"image" : "https://www.themealdb.com/images/media/meals/g046bb1663960946.jpg",
		"categoryId" : "9",
		"cuisineId" : "4",
		"isVeg" : 0,
		"isActive" : true,
		"createdTs" : "2023-12-12 11:18:03",
		"updatedTs" : "2023-12-12 11:18:03"
	},
	{
		"id" : "19",
		"name" : "Veg Pizza",
		"description" : "Mouthwatering pizza made of fresh veggies.",
		"image" : "https://images.unsplash.com/photo-1604917869287-3ae73c77e227?ixlib=rb-4.0.3&ixid=M3wxMjA3fDB8MHxzZWFyY2h8Mnx8dmVnJTIwcGl6emF8ZW58MHx8MHx8fDA%3D&auto=format&fit=crop&w=600&q=60",
		"categoryId" : "1",
		"cuisineId" : "1",
		"isVeg" : true,
		"isActive" : true,
		"createdTs" : "2023-12-12 11:18:03",
		"updatedTs" : "2023-12-12 11:18:03"
	},
	{
		"id" : "20",
		"name" : "Berry Icecream",
		"description" : "Made with plain greek yoghurt mixed with berries and vanilla cream.",
		"image" : "https://images.unsplash.com/photo-1627222295124-f8b3fc09e47f?ixlib=rb-4.0.3&ixid=M3wxMjA3fDB8MHxzZWFyY2h8MTJ8fGljZWNyZWFtfGVufDB8fDB8fHww&auto=format&fit=crop&w=600&q=60",
		"categoryId" : "3",
		"cuisineId" : "9",
		"isVeg" : true,
		"isActive" : true,
		"createdTs" : "2023-12-12 11:18:03",
		"updatedTs" : "2023-12-12 11:18:03"
	}
]
