[
	{
		"id" : "1",
		"menuId" : 1,
		"fooditemId" : 1,
		"fooditemPrice" : 10.00,
		"isActive" : true,
		"createdTs" : "2023-12-12 11:18:03",
		"updatedTs" : "2023-12-12 11:18:03"
	},
	{
		"id" : "2",
		"menuId" : 1,
		"fooditemId" : 4,
		"fooditemPrice" : 15.00,
		"isActive" : true,
		"createdTs" : "2023-12-12 11:18:03",
		"updatedTs" : "2023-12-12 11:18:03"
	},
	{
		"id" : "3",
		"menuId" : 1,
		"fooditemId" : 8,
		"fooditemPrice" : 10.00,
		"isActive" : true,
		"createdTs" : "2023-12-12 11:18:03",
		"updatedTs" : "2023-12-12 11:18:03"
	},
	{
		"id" : "4",
		"menuId" : 1,
		"fooditemId" : 11,
		"fooditemPrice" : 12.00,
		"isActive" : true,
		"createdTs" : "2023-12-12 11:18:03",
		"updatedTs" : "2023-12-12 11:18:03"
	},
	{
		"id" : "5",
		"menuId" : 1,
		"fooditemId" : 17,
		"fooditemPrice" : 25.00,
		"isActive" : true,
		"createdTs" : "2023-12-12 11:18:03",
		"updatedTs" : "2023-12-12 11:18:03"
	},
	{
		"id" : "6",
		"menuId" : 2,
		"fooditemId" : 1,
		"fooditemPrice" : 12.00,
		"isActive" : true,
		"createdTs" : "2023-12-12 11:18:03",
		"updatedTs" : "2023-12-12 11:18:03"
	},
	{
		"id" : "7",
		"menuId" : 2,
		"fooditemId" : 3,
		"fooditemPrice" : 22.00,
		"isActive" : true,
		"createdTs" : "2023-12-12 11:18:03",
		"updatedTs" : "2023-12-12 11:18:03"
	},
	{
		"id" : "8",
		"menuId" : 2,
		"fooditemId" : 6,
		"fooditemPrice" : 17.00,
		"isActive" : true,
		"createdTs" : "2023-12-12 11:18:03",
		"updatedTs" : "2023-12-12 11:18:03"
	},
	{
		"id" : "9",
		"menuId" : 2,
		"fooditemId" : 12,
		"fooditemPrice" : 24.00,
		"isActive" : true,
		"createdTs" : "2023-12-12 11:18:03",
		"updatedTs" : "2023-12-12 11:18:03"
	},
	{
		"id" : "10",
		"menuId" : 2,
		"fooditemId" : 15,
		"fooditemPrice" : 15.00,
		"isActive" : true,
		"createdTs" : "2023-12-12 11:18:03",
		"updatedTs" : "2023-12-12 11:18:03"
	},
	{
		"id" : "11",
		"menuId" : 3,
		"fooditemId" : 4,
		"fooditemPrice" : 10.00,
		"isActive" : true,
		"createdTs" : "2023-12-12 11:18:03",
		"updatedTs" : "2023-12-12 11:18:03"
	},
	{
		"id" : "12",
		"menuId" : 3,
		"fooditemId" : 5,
		"fooditemPrice" : 25.00,
		"isActive" : true,
		"createdTs" : "2023-12-12 11:18:03",
		"updatedTs" : "2023-12-12 11:18:03"
	},
	{
		"id" : "13",
		"menuId" : 3,
		"fooditemId" : 13,
		"fooditemPrice" : 14.00,
		"isActive" : true,
		"createdTs" : "2023-12-12 11:18:03",
		"updatedTs" : "2023-12-12 11:18:03"
	},
	{
		"id" : "14",
		"menuId" : 3,
		"fooditemId" : 20,
		"fooditemPrice" : 12.00,
		"isActive" : true,
		"createdTs" : "2023-12-12 11:18:03",
		"updatedTs" : "2023-12-12 11:18:03"
	},
	{
		"id" : "15",
		"menuId" : 4,
		"fooditemId" : 2,
		"fooditemPrice" : 12.00,
		"isActive" : true,
		"createdTs" : "2023-12-12 11:18:03",
		"updatedTs" : "2023-12-12 11:18:03"
	},
	{
		"id" : "16",
		"menuId" : 4,
		"fooditemId" : 9,
		"fooditemPrice" : 15.00,
		"isActive" : true,
		"createdTs" : "2023-12-12 11:18:03",
		"updatedTs" : "2023-12-12 11:18:03"
	},
	{
		"id" : "17",
		"menuId" : 4,
		"fooditemId" : 10,
		"fooditemPrice" : 25.00,
		"isActive" : true,
		"createdTs" : "2023-12-12 11:18:03",
		"updatedTs" : "2023-12-12 11:18:03"
	},
	{
		"id" : "18",
		"menuId" : 5,
		"fooditemId" : 16,
		"fooditemPrice" : 35.00,
		"isActive" : true,
		"createdTs" : "2023-12-12 11:18:03",
		"updatedTs" : "2023-12-12 11:18:03"
	},
	{
		"id" : "19",
		"menuId" : 6,
		"fooditemId" : 18,
		"fooditemPrice" : 30.00,
		"isActive" : true,
		"createdTs" : "2023-12-12 11:18:03",
		"updatedTs" : "2023-12-12 11:18:03"
	},
	{
		"id" : "20",
		"menuId" : 7,
		"fooditemId" : 19,
		"fooditemPrice" : 25.00,
		"isActive" : true,
		"createdTs" : "2023-12-12 11:18:03",
		"updatedTs" : "2023-12-12 11:18:03"
	},
	{
		"id" : "21",
		"menuId" : 8,
		"fooditemId" : 16,
		"fooditemPrice" : 32.00,
		"isActive" : true,
		"createdTs" : "2023-12-12 11:18:03",
		"updatedTs" : "2023-12-12 11:18:03"
	},
	{
		"id" : "22",
		"menuId" : 8,
		"fooditemId" : 19,
		"fooditemPrice" : 34.00,
		"isActive" : true,
		"createdTs" : "2023-12-12 11:18:03",
		"updatedTs" : "2023-12-12 11:18:03"
	},
	{
		"id" : "23",
		"menuId" : 9,
		"fooditemId" : 18,
		"fooditemPrice" : 32.00,
		"isActive" : true,
		"createdTs" : "2023-12-12 11:18:03",
		"updatedTs" : "2023-12-12 11:18:03"
	},
	{
		"id" : "24",
		"menuId" : 9,
		"fooditemId" : 19,
		"fooditemPrice" : 30.00,
		"isActive" : true,
		"createdTs" : "2023-12-12 11:18:03",
		"updatedTs" : "2023-12-12 11:18:03"
	},
	{
		"id" : "25",
		"menuId" : 10,
		"fooditemId" : 10,
		"fooditemPrice" : 30.00,
		"isActive" : true,
		"createdTs" : "2023-12-12 11:18:03",
		"updatedTs" : "2023-12-12 11:18:03"
	}
]
